date,FF Europe | Reference,FF Europe | Enhanced Value,FF Europe | Momentum,FF Japan | Reference,FF Japan | Enhanced Value,FF Japan | Momentum,FF Asia-Pacific | Reference,FF Asia-Pacific | Enhanced Value,FF Asia-Pacific | Momentum
1990-11-30,0.0014999999999999996,-0.0071,-0.0033,-0.13549999999999998,-0.16305,-0.1518,-0.0241,-0.030099999999999995,-0.02745
1990-12-31,-0.0095,-0.005999999999999999,-0.005300000000000001,0.025299999999999996,-0.0176,-0.0545,-0.005000000000000001,-0.020499999999999997,-0.00895
1991-01-31,0.0203,0.004200000000000001,-0.0020999999999999994,0.017099999999999997,-0.014600000000000002,-0.017449999999999997,0.057999999999999996,0.053950000000000005,0.05165
1991-02-28,0.0778,0.08905,0.05775,0.1277,0.17825000000000002,0.10795000000000002,0.0956,0.08035,0.09739999999999999
1991-03-31,-0.0626,-0.05445,-0.0505,-0.0376,-0.024399999999999998,-0.011100000000000002,0.0272,0.025150000000000002,0.03435
1991-04-30,-0.0033999999999999994,-0.0077,0.0026,0.0271,0.03845,0.04585,0.026199999999999998,0.0235,0.0131
1991-05-31,0.0096,-0.00425,-0.00585,-0.0156,-0.02135,-0.00945,-0.0008000000000000012,0.006599999999999999,0.01615
1991-06-30,-0.0699,-0.0709,-0.0627,-0.06670000000000001,-0.03945,-0.0364,-0.0022000000000000006,-0.00635,-0.0012000000000000001
1991-07-31,0.0579,0.0411,0.0699,0.018799999999999997,0.01175,0.002,0.0627,0.086,0.0653
1991-08-31,0.018799999999999997,0.013799999999999998,0.0464,-0.0678,-0.09385,-0.06475,-0.011300000000000001,-0.0051,0.00285
1991-09-30,0.0348,0.04005,0.0658,0.0912,0.0973,0.08255,0.012700000000000001,0.02725,0.0285
1991-10-31,-0.022000000000000002,-0.030850000000000002,-0.0063999999999999994,0.0448,0.0385,0.05159999999999999,0.0419,0.051199999999999996,0.0501
1991-11-30,-0.0188,-0.0249,-0.012750000000000001,-0.0813,-0.09705,-0.08125,0.0004000000000000006,0.021750000000000002,0.008199999999999999
1991-12-31,0.0668,0.04285,0.05765000000000001,0.028800000000000003,0.039,0.02245,0.017400000000000002,0.00040000000000000105,0.026
1992-01-31,-0.0017999999999999995,0.0,0.0007000000000000001,-0.0533,-0.0423,-0.060950000000000004,0.0164,0.02515,0.0206
1992-02-29,-0.0015999999999999999,-0.00030000000000000035,0.00515,-0.0694,-0.060899999999999996,-0.05005,0.0228,0.0408,0.04555
1992-03-31,-0.034,-0.03125,-0.02695,-0.11109999999999999,-0.10919999999999999,-0.10670000000000002,0.0007000000000000001,-0.0017000000000000001,0.008150000000000001
1992-04-30,0.053399999999999996,0.044649999999999995,0.05895,-0.0738,-0.0485,-0.08099999999999999,0.0571,0.03335,0.05345
1992-05-31,0.0537,0.06225,0.058550000000000005,0.0901,0.09634999999999999,0.1002,0.08199999999999999,0.10715,0.0857
1992-06-30,-0.008499999999999999,-0.0126,-0.0002500000000000002,-0.08730000000000002,-0.07625000000000001,-0.05245,-0.0086,-0.0076500000000000005,0.0133
1992-07-31,-0.037899999999999996,-0.0529,-0.0403,-0.0296,-0.05735,-0.06975,-0.030600000000000002,-0.0251,-0.01655
1992-08-31,-0.0054,-0.016399999999999998,0.0071,0.1663,0.1147,0.1008,-0.058100000000000006,-0.05045000000000001,-0.0371
1992-09-30,-0.027300000000000005,-0.051699999999999996,-0.02765,-0.026000000000000002,-0.011750000000000002,-0.005400000000000001,-0.0225,0.0019000000000000002,-0.02055
1992-10-31,-0.0748,-0.06935,-0.0922,-0.05159999999999999,-0.05365,-0.036199999999999996,0.031200000000000002,0.0426,0.0662
1992-11-30,-0.004200000000000001,-0.0169,-0.01345,0.020800000000000003,0.0036000000000000016,0.0012500000000000002,-0.017499999999999998,-0.011949999999999999,-0.013349999999999997
1992-12-31,0.015,0.007549999999999999,0.0194,-0.0075,0.013399999999999999,0.0002500000000000002,0.0091,-0.015249999999999998,-0.0229
1993-01-31,0.0086,0.04235,0.024149999999999998,-0.0063999999999999994,-0.012799999999999999,-0.010050000000000002,0.0126,0.024599999999999997,0.0263
1993-02-28,0.013300000000000001,0.0172,0.00425,0.0457,0.052750000000000005,0.0474,0.0828,0.0838,0.0732
1993-03-31,0.056799999999999996,0.06634999999999999,0.08255,0.161,0.18125,0.11420000000000001,0.0301,0.0371,0.05385
1993-04-30,0.021599999999999998,0.05225,0.033299999999999996,0.16920000000000002,0.19635,0.15975,0.057499999999999996,0.0872,0.0941
1993-05-31,0.011300000000000001,0.0204,0.0193,0.0518,0.0907,0.0996,0.0511,0.07150000000000001,0.0779
1993-06-30,-0.029800000000000004,-0.028149999999999998,-0.0256,-0.039400000000000004,-0.061649999999999996,-0.0524,-0.025400000000000002,-0.00010000000000000113,-0.00345
1993-07-31,0.0127,0.02585,0.0151,0.06949999999999999,0.0538,0.0589,0.024499999999999997,0.017099999999999997,0.045399999999999996
1993-08-31,0.0886,0.1075,0.08370000000000001,0.023999999999999997,0.02415,0.02745,0.06620000000000001,0.06765,0.043399999999999994
1993-09-30,-0.0038000000000000004,-0.005350000000000001,0.0095,-0.049400000000000006,-0.050350000000000006,-0.05285,0.0026999999999999997,-0.00455,-0.02915
1993-10-31,0.0268,0.0178,0.024149999999999998,-0.0234,-0.05159999999999999,-0.0505,0.16040000000000001,0.15525,0.14384999999999998
1993-11-30,-0.0206,-0.02735,-0.02345,-0.15969999999999998,-0.1739,-0.18130000000000002,-0.0213,-0.00715,-0.024400000000000005
1993-12-31,0.0739,0.07725000000000001,0.0748,0.0223,0.03645,0.03265,0.2075,0.22310000000000002,0.20729999999999998
1994-01-31,0.061399999999999996,0.11485,0.10695,0.17120000000000002,0.20165,0.18409999999999999,0.0111,0.0332,0.019649999999999997
1994-02-28,-0.0325,-0.0101,-0.0162,0.0409,0.058550000000000005,0.06155000000000001,-0.06309999999999999,-0.0372,-0.04725
1994-03-31,-0.025299999999999996,-0.005900000000000001,-0.03255,-0.0196,0.014100000000000001,0.001599999999999999,-0.09720000000000001,-0.10135,-0.11205
1994-04-30,0.040600000000000004,0.04975,0.0372,0.0356,0.046799999999999994,0.03565,0.024100000000000003,0.023799999999999998,0.0047
1994-05-31,-0.0368,-0.027350000000000003,-0.03355,0.0155,0.026099999999999998,0.00375,0.0456,0.0278,0.0373
1994-06-30,-0.008499999999999999,-0.01635,-0.01645,0.0633,0.10145,0.0925,-0.0608,-0.0583,-0.045200000000000004
1994-07-31,0.0494,0.0388,0.037750000000000006,-0.0383,-0.0403,-0.040749999999999995,0.0503,0.036199999999999996,0.0436
1994-08-31,0.022699999999999998,0.0033499999999999997,0.0147,0.0008000000000000004,-0.004299999999999998,-0.0069,0.04,0.0218,0.040100000000000004
1994-09-30,-0.0321,-0.01685,-0.0148,-0.028499999999999998,-0.033,-0.03325,-0.0216,-0.015449999999999998,-0.00855
1994-10-31,0.0397,0.022899999999999997,0.0293,0.025800000000000003,0.032350000000000004,0.036199999999999996,0.013199999999999998,0.0035499999999999998,-0.001299999999999999
1994-11-30,-0.0417,-0.04165,-0.046,-0.0618,-0.07015,-0.07235,-0.0806,-0.07505,-0.07365
1994-12-31,0.0046,0.0028,0.0079,0.0205,0.02,0.022650000000000003,-0.009999999999999998,-0.01575,-0.0088
1995-01-31,-0.011300000000000001,-0.00014999999999999996,0.005750000000000001,-0.0643,-0.07195,-0.09575,-0.0722,-0.06420000000000001,-0.0635
1995-02-28,0.0237,0.017150000000000002,0.02765,-0.05210000000000001,-0.05335,-0.04575,0.062299999999999994,0.047799999999999995,0.00865
1995-03-31,0.0391,0.0202,0.02805,0.09059999999999999,0.0867,0.06939999999999999,0.0097,-0.0016500000000000004,0.005
1995-04-30,0.030100000000000002,0.027299999999999998,0.027000000000000003,0.0412,0.0202,0.0351,0.014700000000000001,0.00515,0.0339
1995-05-31,0.023,0.027,0.0186,-0.0625,-0.0799,-0.060950000000000004,0.046900000000000004,0.026949999999999998,0.032
1995-06-30,0.0147,0.0138,0.0335,-0.0413,-0.036699999999999997,-0.037,-0.0188,-0.0091,-0.006550000000000001
1995-07-31,0.04440000000000001,0.03205,0.0441,0.0635,0.0504,0.026949999999999998,0.0528,0.05205,0.05700000000000001
1995-08-31,-0.0358,-0.044,-0.018000000000000002,-0.0261,-0.019750000000000004,-0.03835,-0.01,-0.014150000000000001,0.000449999999999999
1995-09-30,0.028000000000000004,0.01565,0.05315,-0.0117,-0.036,-0.0126,0.0218,0.03505,0.02655
1995-10-31,-0.0024000000000000002,-0.009550000000000001,0.0131,-0.038500000000000006,-0.0356,-0.020999999999999998,-0.003100000000000001,-0.0105,-0.021899999999999996
1995-11-30,0.0009999999999999996,-0.00935,-0.0026,0.0451,0.05215,0.03555,0.012300000000000002,0.0154,0.03685
1995-12-31,0.0233,0.024149999999999998,0.017099999999999997,0.0484,0.0733,0.02765,0.0331,0.0233,0.02215
1996-01-31,0.0087,0.00805,0.008399999999999998,-0.0124,0.00935,-0.011,0.0876,0.10550000000000001,0.0911
1996-02-29,0.022699999999999998,0.030899999999999997,0.040600000000000004,-0.014499999999999999,-0.016399999999999998,-0.0268,0.007300000000000001,0.00865,0.011649999999999997
1996-03-31,0.0128,0.016149999999999998,0.0282,0.029900000000000003,0.022350000000000002,0.02525,-0.005899999999999999,-0.0057,0.0024999999999999996
1996-04-30,0.0108,0.012750000000000001,0.018000000000000002,0.06839999999999999,0.09595000000000001,0.08009999999999999,0.0204,0.01965,0.026500000000000003
1996-05-31,0.0192,0.026000000000000002,0.03585,-0.0449,-0.03365,-0.04475,0.0114,0.011,0.03535
1996-06-30,0.006200000000000001,0.00535,0.0102,0.0037,0.00605,-0.00255,-0.0173,-0.00845,-0.013199999999999998
1996-07-31,-0.013399999999999999,-0.0118,-0.02375,-0.04719999999999999,-0.04820000000000001,-0.07325,-0.0489,-0.03585,-0.0591
1996-08-31,0.026699999999999998,0.0137,0.035,-0.0431,-0.04095,-0.03705,0.043000000000000003,0.03385,0.05955
1996-09-30,0.0161,0.00405,0.019,0.0288,0.0114,0.00895,0.0275,0.0284,0.03795
1996-10-31,0.0197,0.01525,0.0403,-0.06860000000000001,-0.06375,-0.059649999999999995,0.027599999999999996,0.03225,0.048549999999999996
1996-11-30,0.0449,0.04405,0.040900000000000006,0.0063,-0.004849999999999998,-0.004050000000000005,0.06890000000000002,0.10445,0.08115
1996-12-31,0.024699999999999996,0.02885,0.03025,-0.0706,-0.0759,-0.07314999999999999,9.99999999999994e-05,-0.0015500000000000002,0.00435
1997-01-31,0.0010000000000000009,0.0165,0.015300000000000001,-0.10729999999999999,-0.09855,-0.0897,-0.0172,-0.00315,-0.018199999999999997
1997-02-28,0.010700000000000001,0.01165,0.0135,0.0185,0.0007999999999999999,0.0021499999999999974,0.0126,0.02125,0.0447
1997-03-31,0.0247,0.026049999999999997,0.0154,-0.036699999999999997,-0.044199999999999996,-0.03725,-0.042800000000000005,-0.0427,-0.0306
1997-04-30,-0.0031999999999999997,-0.00945,0.0023999999999999976,0.019200000000000002,-0.0016499999999999987,0.01585,0.0042,0.0128,0.03295
1997-05-31,0.0463,0.0431,0.05055,0.1354,0.1273,0.13395,0.07390000000000001,0.07015,0.061450000000000005
1997-06-30,0.0403,0.02875,0.030950000000000002,0.058100000000000006,0.04095,0.04035,0.0259,0.00585,0.010099999999999998
1997-07-31,0.035500000000000004,0.0251,0.02585,-0.040100000000000004,-0.08549999999999999,-0.006900000000000003,0.021199999999999997,0.033999999999999996,0.061649999999999996
1997-08-31,-0.0488,-0.0266,-0.0271,-0.0942,-0.09465,-0.10269999999999999,-0.0802,0.005099999999999997,-0.024000000000000007
1997-09-30,0.0918,0.09605,0.10175000000000001,-0.0252,-0.0853,-0.026249999999999996,0.0419,-0.013,0.004700000000000003
1997-10-31,-0.044599999999999994,-0.0178,-0.039150000000000004,-0.07650000000000001,-0.05345,-0.0542,-0.2193,-0.25725,-0.2586
1997-11-30,0.0114,-0.0076500000000000005,-0.0034999999999999996,-0.07959999999999999,-0.1426,-0.0852,-0.0114,-0.046799999999999994,-0.03345000000000001
1997-12-31,0.027399999999999997,0.027149999999999997,0.0252,-0.0764,-0.11605,-0.05605,-0.009899999999999999,-0.04485,-0.010499999999999999
1998-01-31,0.0359,0.0403,0.044700000000000004,0.10980000000000001,0.18275,0.08285000000000001,-0.0818,-0.15810000000000002,-0.07495
1998-02-28,0.07880000000000001,0.07919999999999999,0.0802,0.0121,0.0406,-0.00020000000000000052,0.12259999999999999,0.16095,0.093
1998-03-31,0.073,0.10844999999999999,0.09125,-0.0653,-0.07105,-0.06090000000000001,-0.0148,-0.007200000000000001,-0.0076500000000000005
1998-04-30,0.0262,0.030350000000000002,0.0346,-0.0186,-0.04535,-0.004999999999999999,-0.05260000000000001,-0.04925,-0.0332
1998-05-31,0.0262,0.044700000000000004,0.041049999999999996,-0.045,-0.0446,-0.0407,-0.1067,-0.11345,-0.0655
1998-06-30,-0.0009000000000000006,-0.028499999999999998,-0.008199999999999999,0.0072,0.01105,0.0063,-0.056,-0.0399,-0.0347
1998-07-31,0.0193,0.02055,0.0441,-0.012299999999999998,-0.0235,-0.0028999999999999994,-0.03320000000000001,-0.08455000000000001,-0.013049999999999999
1998-08-31,-0.1165,-0.12669999999999998,-0.12695,-0.0883,-0.09705,-0.06085,-0.1293,-0.15744999999999998,-0.1265
1998-09-30,-0.0438,-0.06355,-0.06845,-0.0345,-0.06845,-0.03695,0.1122,0.1041,0.08025
1998-10-31,0.0691,0.05135,0.0472,0.16440000000000002,0.1721,0.14165,0.1839,0.34265,0.05895
1998-11-30,0.0455,0.03925,0.0527,0.0394,0.05895,0.01495,0.0493,0.0711,0.04305
1998-12-31,0.0326,0.01345,0.047599999999999996,0.031599999999999996,0.01735,0.06420000000000001,-0.022899999999999997,-0.0401,-0.012799999999999999
1999-01-31,-0.0008000000000000004,-0.013600000000000001,0.04385,0.0114,0.014,0.01935,-0.0005000000000000004,-0.05255,0.04545
1999-02-28,-0.0184,-0.017,-0.01185,-0.022500000000000003,-0.02405,-0.0018499999999999992,-0.009300000000000001,-0.005599999999999999,-0.01035
1999-03-31,0.004,0.0133,-0.033,0.1404,0.16725,0.1336,0.0857,0.08265,0.06925
1999-04-30,0.0332,0.03775,0.00945,0.0504,0.1024,0.07125,0.172,0.2591,0.12505
1999-05-31,-0.0346,-0.016050000000000002,0.004700000000000003,-0.049800000000000004,-0.05985,-0.0651,-0.0508,0.04175,-0.006149999999999999
1999-06-30,0.0211,0.0237,0.034300000000000004,0.1087,0.13735,0.19995,0.0958,0.1619,0.15585
1999-07-31,0.015000000000000001,0.030100000000000002,0.055499999999999994,0.10319999999999999,0.08635,0.12015,-0.018099999999999998,-0.046950000000000006,-0.06785000000000001
1999-08-31,0.0173,0.02625,0.0664,0.0319,0.05425000000000001,0.08505000000000001,-0.018899999999999997,-0.02365,-0.02045
1999-09-30,0.0007000000000000001,-0.0025,0.014700000000000001,0.0721,0.055,0.0943,-0.0191,-0.0036000000000000025,-0.0121
1999-10-31,0.0211,-0.0036499999999999996,0.04675,0.066,0.018750000000000003,0.05815,0.015799999999999998,-0.007,0.03125
1999-11-30,0.0312,-0.0167,0.09525,0.07600000000000001,-0.04475,0.1139,0.07440000000000001,0.03025,0.07880000000000001
1999-12-31,0.097,0.0625,0.11339999999999999,0.0405,-0.0751,0.018049999999999997,0.0942,0.12275000000000001,0.16025
2000-01-31,-0.06709999999999999,-0.06225,-0.012249999999999997,-0.0495,0.0024,-0.05745,-0.06420000000000001,-0.034949999999999995,-0.0173
2000-02-29,0.063,0.00925,0.10435,-0.0129,-0.05895,0.0588,-0.0031000000000000003,-0.0022000000000000006,0.03445
2000-03-31,0.0113,0.0015499999999999993,-0.07045,0.0657,0.11574999999999999,0.0022000000000000006,0.010799999999999999,0.01465,0.016149999999999998
2000-04-30,-0.0512,-0.037,-0.11684999999999998,-0.08629999999999999,-0.0907,-0.12160000000000001,-0.0599,-0.0936,-0.18860000000000002
2000-05-31,0.0043,0.03685000000000001,-0.0243,-0.0705,0.01495,-0.0935,-0.07949999999999999,-0.10195000000000001,-0.1171
2000-06-30,0.0108,0.03085,0.0088,0.0632,0.11044999999999999,0.0521,0.1119,0.10400000000000001,0.10935
2000-07-31,-0.011000000000000003,0.0035499999999999993,-0.02145,-0.118,-0.10195,-0.15765,-0.001700000000000001,0.01735,-0.010100000000000001
2000-08-31,-0.010700000000000001,-0.01565,0.0125,0.06960000000000001,0.058550000000000005,0.13295,0.0271,0.055150000000000005,0.013500000000000002
2000-09-30,-0.0448,-0.0231,-0.05835,-0.0431,-0.0143,-0.0566,-0.06939999999999999,-0.0764,-0.09615
2000-10-31,-0.021400000000000002,-0.007900000000000003,-0.06825,-0.0701,-0.05185,-0.10590000000000001,-0.055299999999999995,-0.0536,-0.0985
2000-11-30,-0.0404,0.0014000000000000002,-0.08850000000000001,-0.025199999999999997,0.01485,-0.01725,-0.004699999999999999,0.013049999999999999,-0.0232
2000-12-31,0.061799999999999994,0.07475000000000001,0.06695000000000001,-0.0939,-0.055749999999999994,-0.0968,0.045899999999999996,0.05305000000000001,0.01245
2001-01-31,0.009300000000000001,0.013250000000000001,-0.0139,-0.0025000000000000005,-0.0221,-0.029200000000000004,0.0334,0.027399999999999997,0.02615
2001-02-28,-0.0831,-0.0316,-0.0387,-0.0514,0.007899999999999999,-0.0143,-0.03320000000000001,0.0221,-0.0132
2001-03-31,-0.0892,-0.06720000000000001,-0.08005000000000001,-0.037899999999999996,-0.0313,-0.031100000000000003,-0.12819999999999998,-0.09639999999999999,-0.08765
2001-04-30,0.07790000000000001,0.0552,0.05105,0.0909,0.1235,0.1142,0.0689,0.029849999999999998,0.05225
2001-05-31,-0.0471,-0.023200000000000002,-0.007200000000000001,0.0019000000000000002,0.0136,0.0184,0.0017000000000000001,0.04765,0.0279
2001-06-30,-0.033699999999999994,-0.01875,-0.0017500000000000016,-0.05059999999999999,-0.01,-0.00645,0.0164,0.00915,0.0229
2001-07-31,-0.003999999999999999,0.00505,-0.00845,-0.08629999999999999,-0.053,-0.05495,-0.036699999999999997,-0.0364,-0.01845
2001-08-31,-0.0172,0.00505,0.02685,-0.024,0.03445,0.0211,-0.0077,-0.021099999999999997,0.027100000000000003
2001-09-30,-0.11280000000000001,-0.124,-0.0945,-0.07410000000000001,-0.0766,-0.07435,-0.139,-0.14455,-0.1195
2001-10-31,0.034600000000000006,0.032350000000000004,0.026049999999999997,0.0102,0.0078,0.01235,0.0602,0.0566,0.10089999999999999
2001-11-30,0.0426,0.05595,0.019999999999999997,-0.016300000000000002,-0.06265,-0.07105,0.0874,0.0821,0.0596
2001-12-31,0.019700000000000002,0.02045,0.0262,-0.0808,-0.09105,-0.07844999999999999,0.0245,0.0354,0.013999999999999999
2002-01-31,-0.0456,-0.02765,-0.005200000000000001,-0.07680000000000001,-0.057199999999999994,-0.0702,0.0166,0.04095,0.039999999999999994
2002-02-28,0.005399999999999999,0.0091,0.0265,0.0521,0.072,0.0432,-0.015099999999999999,0.007600000000000001,0.020749999999999998
2002-03-31,0.0521,0.0467,0.03945,0.0576,0.02255,0.015250000000000001,0.046700000000000005,0.033,0.05635
2002-04-30,-0.0017000000000000001,0.02665,0.03115,0.0536,0.047799999999999995,0.05865000000000001,0.0079,0.0342,0.011349999999999999
2002-05-31,0.0057,0.031099999999999996,0.035949999999999996,0.07239999999999999,0.1018,0.059550000000000006,0.0213,0.027749999999999997,0.06675
2002-06-30,-0.0235,-0.005749999999999998,0.016050000000000002,-0.046599999999999996,-0.024749999999999998,-0.02015,-0.053799999999999994,-0.026250000000000002,-0.029450000000000004
2002-07-31,-0.10439999999999999,-0.07319999999999999,-0.0731,-0.0589,-0.026699999999999998,-0.035100000000000006,-0.060000000000000005,-0.06705,-0.0746
2002-08-31,0.0028000000000000004,0.0036000000000000008,0.00485,-0.012799999999999999,-0.0143,-0.01795,0.0017000000000000001,-0.0114,0.027200000000000002
2002-09-30,-0.1303,-0.1255,-0.058499999999999996,-0.04800000000000001,-0.0401,-0.05045,-0.07260000000000001,-0.08495,-0.06534999999999999
2002-10-31,0.0872,0.052399999999999995,0.03695,-0.0663,-0.060399999999999995,-0.054849999999999996,0.0469,0.03465,0.0335
2002-11-30,0.049999999999999996,0.061399999999999996,0.017849999999999998,0.0315,-9.99999999999994e-05,0.0133,0.026899999999999997,0.0359,0.019299999999999998
2002-12-31,-0.0264,0.0034000000000000002,0.040100000000000004,-0.0231,-0.0101,-0.0006000000000000001,-0.030300000000000004,-0.0228,0.0099
2003-01-31,-0.0335,-0.008849999999999998,-0.004999999999999999,-0.0331,-0.012600000000000004,-0.010149999999999998,0.0176,0.0266,0.04045
2003-02-28,-0.0325,-0.0249,-0.01115,0.0155,0.055850000000000004,0.0413,-0.013099999999999999,0.0119,0.02165
2003-03-31,-0.0139,-0.0125,-0.0010499999999999997,-0.028300000000000002,-0.00425,-0.00765,-0.0042,-0.03615,-0.009750000000000002
2003-04-30,0.1321,0.1251,0.0649,0.0119,0.031100000000000003,0.0449,0.046400000000000004,0.010100000000000001,0.0434
2003-05-31,0.0775,0.0973,0.0852,0.0462,0.04165,0.0323,0.0726,0.1195,0.095
2003-06-30,0.0127,0.02045,-0.0026999999999999993,0.0722,0.09405,0.051449999999999996,0.0387,0.0431,0.06709999999999999
2003-07-31,0.0178,0.041550000000000004,0.0047,0.0354,0.02965,0.0199,0.034499999999999996,0.0931,0.0577
2003-08-31,0.0027,0.019899999999999998,0.008249999999999999,0.0986,0.11365,0.10075,0.06420000000000001,0.12255,0.0733
2003-09-30,0.028799999999999996,0.042300000000000004,0.04775,0.0756,0.0803,0.08145000000000001,0.0542,0.07694999999999999,0.06795000000000001
2003-10-31,0.0626,0.0797,0.09365000000000001,0.0423,0.0556,0.06415,0.0631,0.05714999999999999,0.06420000000000001
2003-11-30,0.0456,0.04845000000000001,0.04189999999999999,-0.038,-0.05790000000000001,-0.08635000000000001,0.0026,-0.00965,0.0020499999999999997
2003-12-31,0.074,0.06755,0.059800000000000006,0.06549999999999999,0.0751,0.0695,0.0526,0.0345,0.0547
2004-01-31,0.0255,0.05295,0.0657,0.020499999999999997,0.0422,0.05575,0.0451,0.1094,0.06405
2004-02-29,0.0316,0.03635000000000001,0.03735,-0.0002000000000000001,0.0076,-0.0126,0.0379,0.0363,0.0471
2004-03-31,-0.032400000000000005,-0.0346,-0.045250000000000005,0.1512,0.20365,0.24285,-0.015000000000000001,-0.048100000000000004,-0.0339
2004-04-30,-0.0115,-0.00975,-0.02275,-0.0446,-0.02975,0.0016500000000000022,-0.0545,-0.068,-0.08865
2004-05-31,0.014799999999999999,0.00435,0.0069,-0.0329,-0.044399999999999995,-0.07454999999999999,0.0017000000000000001,-0.00825,-0.00435
2004-06-30,0.020599999999999997,0.03165,0.0359,0.0547,0.0769,0.0846,0.005300000000000001,0.00035000000000000005,-0.0015499999999999993
2004-07-31,-0.0302,-0.0312,-0.0334,-0.0668,-0.0503,-0.09935,0.0108,0.0195,0.018299999999999997
2004-08-31,0.0048000000000000004,0.009,0.009049999999999999,0.011,0.013049999999999999,0.0313,0.027100000000000003,0.048350000000000004,0.033549999999999996
2004-09-30,0.041199999999999994,0.0441,0.05324999999999999,-0.0307,-0.019549999999999998,-0.0503,0.054799999999999995,0.04255,0.07550000000000001
2004-10-31,0.041699999999999994,0.046299999999999994,0.041749999999999995,0.0249,0.0269,0.018349999999999998,0.03319999999999999,0.024650000000000002,0.05785
2004-11-30,0.07010000000000001,0.08990000000000001,0.0865,0.0396,0.03705,0.02985,0.0785,0.10875,0.11074999999999999
2004-12-31,0.0441,0.04795,0.0472,0.0519,0.055150000000000005,0.0528,0.0302,0.04145,0.02955
2005-01-31,-0.0109,0.00895,0.009699999999999999,-0.0104,0.022600000000000002,0.033100000000000004,-0.0021999999999999997,0.0027500000000000024,0.0165
2005-02-28,0.047499999999999994,0.05655,0.057800000000000004,0.0187,0.0369,0.0238,0.039,0.0394,0.0451
2005-03-31,-0.023599999999999996,-0.02255,-0.02375,-0.013000000000000001,0.013449999999999998,-0.0008499999999999992,-0.028599999999999997,-0.02645,-0.03555
2005-04-30,-0.023799999999999998,-0.020749999999999998,-0.0227,-0.0196,-0.004900000000000001,4.99999999999997e-05,-0.004999999999999999,0.006950000000000001,-0.0295
2005-05-31,0.0021,0.0035999999999999995,0.0071,-0.0237,-0.0303,-0.037450000000000004,0.0002999999999999999,-0.007549999999999999,-0.0179
2005-06-30,0.0176,0.02325,0.0383,0.009600000000000001,0.0177,0.0234,0.042300000000000004,0.036199999999999996,0.0503
2005-07-31,0.0406,0.05025,0.052,0.009,0.0121,0.0275,0.038,0.0393,0.0235
2005-08-31,0.0232,0.03125,0.049699999999999994,0.0697,0.045450000000000004,0.058550000000000005,0.0038,0.0008000000000000004,0.0302
2005-09-30,0.0177,0.0191,0.03270000000000001,0.0822,0.057999999999999996,0.06745,0.042499999999999996,0.026,0.04675
2005-10-31,-0.0314,-0.027950000000000003,-0.0447,-0.0007999999999999995,0.019549999999999998,0.0284,-0.057499999999999996,-0.05355,-0.0613
2005-11-30,0.016,0.01675,0.0185,0.032400000000000005,0.011,0.0358,0.0342,0.02685,0.0315
2005-12-31,0.0412,0.0433,0.052750000000000005,0.09769999999999998,0.08165,0.1343,0.0229,0.01965,0.028050000000000002
2006-01-31,0.0673,0.0859,0.10035,0.038900000000000004,0.0453,0.0303,0.0653,0.0706,0.1099
2006-02-28,0.008900000000000002,0.0247,0.0251,-0.0224,-0.028399999999999998,-0.06105000000000001,0.0009000000000000002,0.019450000000000002,0.017249999999999998
2006-03-31,0.04360000000000001,0.058,0.06245,0.030399999999999996,0.02395,0.034699999999999995,0.0235,0.049800000000000004,0.068
2006-04-30,0.0561,0.06395,0.08055000000000001,0.024499999999999997,0.0214,0.01,0.0689,0.05685,0.07780000000000001
2006-05-31,-0.032100000000000004,-0.03845,-0.05015,-0.06970000000000001,-0.06375,-0.09820000000000001,-0.053200000000000004,-0.05525,-0.05455
2006-06-30,0.0019000000000000002,-0.0089,-0.013799999999999998,-0.0137,-0.02495,-0.01925,9.999999999999983e-05,-0.00455,-0.017400000000000002
2006-07-31,0.0141,0.0142,0.00445,-0.018000000000000002,-0.024299999999999995,-0.044399999999999995,0.0151,0.012,0.024149999999999998
2006-08-31,0.031200000000000002,0.03505,0.02615,0.0173,0.00855,0.016550000000000002,0.0288,0.0279,0.030449999999999998
2006-09-30,0.011,0.013399999999999999,0.01815,-0.0166,-0.02085,-0.0208,0.002999999999999999,0.0154,-0.0002500000000000002
2006-10-31,0.0423,0.0514,0.0458,0.0166,-0.0033000000000000004,0.0059,0.0643,0.04135,0.0847
2006-11-30,0.0418,0.05159999999999999,0.063,-0.0003000000000000008,-0.0033,-0.0049,0.049100000000000005,0.0655,0.0751
2006-12-31,0.0372,0.044700000000000004,0.0571,0.0182,0.00425,0.025949999999999997,0.044,0.035750000000000004,0.04575
2007-01-31,0.010499999999999999,0.0223,0.02105,0.008400000000000001,0.011699999999999999,0.00605,0.0221,0.05885,0.04475
2007-02-28,-0.0013000000000000004,0.0034,0.011399999999999999,0.0384,0.0388,0.0332,0.0128,0.01925,0.026299999999999997
2007-03-31,0.0414,0.03975,0.05325,-0.012700000000000001,-0.0021000000000000003,-0.00545,0.050800000000000005,0.050499999999999996,0.0732
2007-04-30,0.0598,0.06355,0.061950000000000005,-0.0231,-0.0194,-0.00345,0.0514,0.06770000000000001,0.0807
2007-05-31,0.019700000000000002,0.01575,0.024149999999999998,0.0078,-0.0104,-0.00075,0.0356,0.08025,0.07490000000000001
2007-06-30,0.0024000000000000002,0.0013000000000000002,0.00115,0.0007999999999999999,0.0038499999999999993,0.023549999999999998,0.0273,0.0434,0.05295
2007-07-31,-0.0182,-0.013900000000000001,0.0011,-0.00019999999999999966,0.00020000000000000052,0.0211,0.0171,0.0586,0.04855
2007-08-31,-0.0166,-0.026099999999999998,-0.03015,-0.0338,-0.03825,-0.04295,-0.0378,-0.0846,-0.10879999999999998
2007-09-30,0.0514,0.0366,0.053649999999999996,0.0173,0.004399999999999999,0.038900000000000004,0.1312,0.0928,0.15135
2007-10-31,0.0466,0.041499999999999995,0.0676,0.0039000000000000003,-0.00625,-5.0000000000000565e-05,0.08519999999999998,0.0754,0.09179999999999999
2007-11-30,-0.0369,-0.06315,-0.05155,-0.0195,-0.026299999999999997,-0.05115,-0.0621,-0.051949999999999996,-0.08664999999999999
2007-12-31,-0.0183,-0.0195,-0.0181,-0.037200000000000004,-0.033850000000000005,-0.05045,-0.0047,-0.0118,-0.018349999999999998
2008-01-31,-0.09799999999999999,-0.0945,-0.09375,-0.046900000000000004,-0.025750000000000002,-0.060700000000000004,-0.1061,-0.12075,-0.1645
2008-02-29,0.0209,0.0268,0.03610000000000001,0.0114,0.0129,0.03269999999999999,0.0302,0.024049999999999995,0.07995
2008-03-31,0.0043,0.01345,0.0026499999999999996,-0.0354,-0.013699999999999999,-0.0068000000000000005,-0.0536,-0.07150000000000001,-0.0925
2008-04-30,0.0459,0.03015,0.03825,0.064,0.02885,0.0038000000000000013,0.0737,0.0552,0.08895
2008-05-31,0.0103,0.00415,0.025750000000000002,0.022099999999999998,0.033100000000000004,0.007899999999999999,0.033800000000000004,0.02085,0.07565000000000001
2008-06-30,-0.08510000000000001,-0.08075,-0.04165,-0.06440000000000001,-0.03845,-0.03675,-0.07949999999999999,-0.09104999999999999,-0.0527
2008-07-31,-0.0368,-0.032100000000000004,-0.056,-0.0297,-0.0222,-0.03195,-0.0511,-0.03755,-0.09345
2008-08-31,-0.0444,-0.04145,-0.0667,-0.0423,-0.04479999999999999,-0.03515,-0.0651,-0.08710000000000001,-0.078
2008-09-30,-0.1492,-0.1493,-0.15000000000000002,-0.1035,-0.07025,-0.08945,-0.1756,-0.17360000000000003,-0.20705
2008-10-31,-0.2194,-0.2598,-0.19740000000000002,-0.13470000000000001,-0.09085,-0.08135,-0.2592,-0.27435,-0.2781
2008-11-30,-0.07150000000000001,-0.1008,-0.07425,0.0007999999999999999,0.03295,0.057999999999999996,-0.0613,-0.048,-0.03585
2008-12-31,0.067,0.06080000000000001,0.05764999999999999,0.0857,0.09475,0.09985000000000001,0.0741,0.09110000000000001,0.0566
2009-01-31,-0.1099,-0.11040000000000001,-0.08215,-0.065,-0.0567,-0.053200000000000004,-0.076,-0.05695,-0.056999999999999995
2009-02-28,-0.0995,-0.1048,-0.06770000000000001,-0.1192,-0.13145,-0.1266,-0.047799999999999995,-0.062299999999999994,-0.0375
2009-03-31,0.06960000000000001,0.0772,0.0336,0.013200000000000002,0.02915,-0.027350000000000003,0.10830000000000001,0.05575,0.0531
2009-04-30,0.13679999999999998,0.19285000000000002,0.055099999999999996,0.0806,0.0424,0.0075,0.13959999999999997,0.14300000000000002,0.0885
2009-05-31,0.1286,0.12305,0.098,0.10890000000000001,0.10744999999999999,0.08135,0.18489999999999998,0.2696,0.15039999999999998
2009-06-30,-0.018600000000000002,-0.0137,0.00485,0.0286,0.0561,0.037149999999999996,0.0183,-0.0022,0.0251
2009-07-31,0.1019,0.11124999999999999,0.08655,0.0407,0.0348,0.0199,0.1283,0.15835,0.1275
2009-08-31,0.056600000000000004,0.11155000000000001,0.021750000000000002,0.034100000000000005,0.0432,0.04495,0.016499999999999997,-0.010300000000000002,-0.0005
2009-09-30,0.0544,0.0675,0.0486,-0.0083,-0.023100000000000002,0.0058,0.0871,0.0853,0.08865
2009-10-31,-0.018500000000000003,-0.03255,-0.0008499999999999996,-0.0229,-0.01915,-0.027950000000000003,0.0125,0.03665,0.028700000000000003
2009-11-30,0.03,0.01365,0.0292,-0.02,-0.0596,-0.060250000000000005,0.0265,0.017100000000000004,0.036199999999999996
2009-12-31,0.009499999999999998,-0.00605,9.999999999999983e-05,0.0023,0.029999999999999995,0.02935,0.0246,0.03215,0.03045
2010-01-31,-0.0528,-0.0417,-0.03635,0.023399999999999997,0.031549999999999995,0.0144,-0.0625,-0.049550000000000004,-0.05405
2010-02-28,-0.021,-0.033600000000000005,-0.0287,0.0076,0.00435,0.00085,0.0263,0.02895,0.021750000000000002
2010-03-31,0.06420000000000001,0.0848,0.09125,0.048400000000000006,0.07955,0.06545,0.0766,0.07755000000000001,0.07894999999999999
2010-04-30,-0.0165,-0.009850000000000001,0.0006000000000000016,0.0054,0.0379,0.029650000000000003,0.0077,0.00915,0.02385
2010-05-31,-0.12040000000000001,-0.1418,-0.12435,-0.07919999999999999,-0.09409999999999999,-0.08710000000000001,-0.1221,-0.1233,-0.1537
2010-06-30,-0.0097,-0.01925,-0.009,-0.0063,-0.018150000000000003,-0.01575,-0.0019,0.0045000000000000005,-0.027200000000000002
2010-07-31,0.1189,0.14285,0.11785000000000001,0.0295,0.020050000000000002,0.03475,0.09570000000000001,0.0803,0.08815
2010-08-31,-0.042499999999999996,-0.0576,-0.02905,-0.026,-0.02945,-0.03535,-0.0078000000000000005,-0.0012000000000000001,0.021699999999999997
2010-09-30,0.11570000000000001,0.11554999999999999,0.14140000000000003,0.04700000000000001,0.03605,0.05360000000000001,0.12849999999999998,0.14485,0.12824999999999998
2010-10-31,0.04990000000000001,0.05165,0.05205,0.0124,-0.007000000000000001,-0.003599999999999999,0.03710000000000001,0.038349999999999995,0.0499
2010-11-30,-0.0802,-0.10114999999999999,-0.036500000000000005,0.019799999999999998,0.024650000000000002,0.02205,-0.0114,0.00215,0.02
2010-12-31,0.0905,0.10139999999999999,0.10915,0.0756,0.09889999999999999,0.09595000000000001,0.0677,0.06005,0.0843
2011-01-31,0.0369,0.0683,0.01475,0.0041,0.0158,0.0225,-0.0078000000000000005,0.0074,-0.00485
2011-02-28,0.0307,0.0306,0.02545,0.048400000000000006,0.050699999999999995,0.0529,-0.0006000000000000001,-0.0238,0.0019499999999999986
2011-03-31,-0.0016,-0.0035499999999999993,0.014249999999999999,-0.0866,-0.06775,-0.07335,0.0209,0.00985,0.017099999999999997
2011-04-30,0.0814,0.07305,0.08990000000000001,0.0078000000000000005,-0.004850000000000001,0.016399999999999998,0.04769999999999999,0.0329,0.05450000000000001
2011-05-31,-0.030600000000000002,-0.0403,-0.02865,-0.016200000000000003,-0.02335,-0.014849999999999999,-0.0253,-0.019999999999999997,-0.02015
2011-06-30,-0.020499999999999997,-0.02365,-0.01655,0.0252,0.04515,0.030399999999999996,-0.0232,-0.04245,-0.04775
2011-07-31,-0.0333,-0.055499999999999994,-0.0274,0.0403,0.0405,0.048350000000000004,0.0129,0.0142,0.0477
2011-08-31,-0.10089999999999999,-0.11635000000000001,-0.10835,-0.075,-0.05025,-0.07225,-0.06659999999999999,-0.09540000000000001,-0.0821
2011-09-30,-0.1161,-0.12880000000000003,-0.1358,-0.0046,0.0151,-0.0344,-0.15789999999999998,-0.15945,-0.19405
2011-10-31,0.1097,0.0876,0.10185,-0.011899999999999999,-0.0324,-0.01155,0.1398,0.1251,0.13055
2011-11-30,-0.0484,-0.07835,-0.03695,-0.0378,-0.027000000000000003,-0.0295,-0.0653,-0.06924999999999999,-0.0413
2011-12-31,-0.022000000000000002,-0.034600000000000006,-0.0126,0.0125,0.02625,0.02515,-0.0104,-0.00835,-0.014350000000000002
2012-01-31,0.056799999999999996,0.07545,0.0376,0.042800000000000005,0.06515,0.0445,0.0986,0.0986,0.0708
2012-02-29,0.0641,0.06705,0.06670000000000001,0.035,0.019700000000000002,-0.0142,0.0528,0.0758,0.057499999999999996
2012-03-31,0.0002,-0.00305,0.01625,0.0141,0.012400000000000001,0.0295,-0.0216,-0.026099999999999998,0.0132
2012-04-30,-0.0223,-0.045000000000000005,0.013600000000000001,-0.0178,-0.015199999999999998,0.0119,0.0116,0.007600000000000001,0.0066500000000000005
2012-05-31,-0.1231,-0.1346,-0.0927,-0.084,-0.0868,-0.07300000000000001,-0.1141,-0.0941,-0.09319999999999999
2012-06-30,0.0713,0.0767,0.0434,0.0471,0.0576,0.0474,0.0447,0.03215,0.0466
2012-07-31,0.005600000000000001,-0.01535,0.0176,-0.0183,-0.03905,0.00945,0.047599999999999996,0.03295,0.045849999999999995
2012-08-31,0.0451,0.06655,0.03745,-0.0064,-0.021599999999999998,0.007299999999999999,0.011499999999999998,0.01725,0.02615
2012-09-30,0.035,0.059250000000000004,0.040999999999999995,0.0228,0.0314,0.025750000000000002,0.044700000000000004,0.06795,0.0465
2012-10-31,0.0167,0.0281,0.02275,-0.0189,-0.02505,-0.0163,0.0178,0.0106,0.0175
2012-11-30,0.0228,0.0128,0.0243,0.0172,0.0173,0.014199999999999999,0.0162,0.0269,0.03155
2012-12-31,0.0339,0.060450000000000004,0.0404,0.038400000000000004,0.0715,0.026550000000000004,0.028499999999999998,0.039400000000000004,0.03405
2013-01-31,0.062,0.08610000000000001,0.06535,0.0378,0.04525,0.065,0.0554,0.07485,0.07200000000000001
2013-02-28,-0.024900000000000002,-0.03609999999999999,-0.0008000000000000004,0.0286,0.0279,0.0377,0.0115,0.0039000000000000007,0.01725
2013-03-31,-0.0054,-0.03395,-0.0002999999999999999,0.055,0.05700000000000001,0.10615,-0.0031,-0.01805,0.0175
2013-04-30,0.0416,0.0595,0.0436,0.0895,0.09340000000000001,0.12419999999999999,0.0246,0.00885,0.028599999999999997
2013-05-31,0.0105,0.033350000000000005,0.0179,-0.053,-0.0698,-0.08275,-0.062,-0.02445,-0.06465000000000001
2013-06-30,-0.0464,-0.05255,-0.035449999999999995,0.0083,-0.0017000000000000001,-0.025350000000000004,-0.0622,-0.057150000000000006,-0.05564999999999999
2013-07-31,0.0745,0.08485,0.09095,0.014199999999999999,0.025750000000000002,0.0416,0.0347,0.026550000000000004,0.05159999999999999
2013-08-31,-0.006999999999999999,0.00895,-0.0041,-0.0255,-0.0218,-0.042550000000000004,-0.0022,-0.0006000000000000003,0.01725
2013-09-30,0.0705,0.07755000000000001,0.08915000000000001,0.08789999999999999,0.10275000000000001,0.13574999999999998,0.0678,0.06175,0.08165
2013-10-31,0.0449,0.06659999999999999,0.0553,-0.0023,-0.00645,-0.01105,0.0349,0.01795,0.0357
2013-11-30,0.013300000000000001,0.0126,0.02995,0.0108,0.0012499999999999994,0.00775,-0.022099999999999998,-0.006500000000000001,0.00845
2013-12-31,0.023700000000000002,0.02435,0.033299999999999996,0.008,0.0131,0.01735,-0.002,0.0010999999999999994,0.025
2014-01-31,-0.030299999999999997,-0.003749999999999998,-0.00010000000000000026,-0.026600000000000002,-0.010849999999999999,-0.017449999999999997,-0.0444,-0.0298,-0.01805
2014-02-28,0.0742,0.0786,0.0862,-0.005600000000000001,-0.0138,-0.02785,0.054900000000000004,0.04255,0.05945
2014-03-31,-0.0054,0.003800000000000001,-0.012549999999999999,-0.0116,-0.0020999999999999994,-0.02055,0.0166,0.00535,-0.008900000000000002
2014-04-30,0.0177,0.009999999999999998,-0.01175,-0.0233,-0.0221,-0.03505,0.014199999999999999,0.0103,-0.0225
2014-05-31,0.0077,0.0027,0.00255,0.0379,0.03,0.02785,0.0175,0.025299999999999996,0.02355
2014-06-30,-0.0012,-0.012,-0.0002999999999999999,0.0576,0.0722,0.07415000000000001,0.0013,0.01145,0.01195
2014-07-31,-0.040999999999999995,-0.03755,-0.047200000000000006,0.0077,0.006,0.03185,0.0332,0.048850000000000005,0.03135
2014-08-31,-0.0002,-0.0087,-0.0056500000000000005,-0.0199,-0.005749999999999998,0.005199999999999999,-0.0014000000000000002,0.0047,-0.01075
2014-09-30,-0.0379,-0.0496,-0.0382,-0.0105,-0.0201,-0.01855,-0.0815,-0.05814999999999999,-0.07579999999999999
2014-10-31,-0.027000000000000003,-0.04845,-0.030650000000000004,-0.0213,-0.0346,-0.03165,0.0356,0.00915,0.01625
2014-11-30,0.0212,0.004399999999999999,0.012,-0.0005,-0.00905,-0.0125,-0.027200000000000002,-0.007350000000000001,-0.0014
2014-12-31,-0.037000000000000005,-0.04175,-0.0204,-0.0085,0.00455,0.0026500000000000004,-0.031,-0.0298,-0.025849999999999998
2015-01-31,-0.0031,-0.030899999999999997,0.00445,0.027999999999999997,0.025849999999999998,0.040400000000000005,0.0038,0.024800000000000003,0.012450000000000001
2015-02-28,0.0621,0.0774,0.0545,0.0542,0.054799999999999995,0.020050000000000002,0.0325,0.007250000000000001,0.028749999999999998
2015-03-31,-0.022799999999999997,-0.025349999999999998,-0.0158,0.019,0.0014000000000000002,0.01925,-0.0083,0.0007000000000000001,0.029900000000000003
2015-04-30,0.0479,0.059,0.04635,0.0349,0.052199999999999996,0.0165,0.0622,0.1266,0.15285
2015-05-31,-0.0015,-0.00805,0.017849999999999998,0.0089,0.010250000000000002,-0.0008,-0.0155,0.02705,0.05615
2015-06-30,-0.028399999999999998,-0.021,-0.017050000000000003,-0.0068000000000000005,0.0015000000000000005,0.0086,-0.0447,-0.04214999999999999,-0.026500000000000003
2015-07-31,0.0239,0.0067,0.036599999999999994,0.0092,-0.0004999999999999996,0.005200000000000001,-0.0345,-0.0744,-0.09819999999999998
2015-08-31,-0.0602,-0.05205,-0.0387,-0.053,-0.04265,-0.0484,-0.1081,-0.10805,-0.1216
2015-09-30,-0.042699999999999995,-0.0605,-0.024050000000000002,-0.0621,-0.0486,-0.05295,-0.030899999999999997,-0.01755,0.0021999999999999997
2015-10-31,0.061900000000000004,0.0444,0.041800000000000004,0.0926,0.07375000000000001,0.06035,0.073,0.07319999999999999,0.05885
2015-11-30,-0.0149,-0.02745,-0.00285,-0.0016,-0.0037999999999999996,0.015,-0.0208,-0.023,5.000000000000143e-05
2015-12-31,-0.018500000000000003,-0.013150000000000002,0.01265,0.0043,0.004399999999999999,0.01705,0.018899999999999997,0.0105,0.0337
2016-01-31,-0.0642,-0.0809,-0.07085,-0.0757,-0.08565,-0.05885,-0.09019999999999999,-0.09935000000000001,-0.10880000000000001
2016-02-29,-0.016900000000000002,-0.0113,-0.0145,-0.019200000000000002,-0.035250000000000004,-0.01135,0.007699999999999999,0.024350000000000004,0.0076500000000000005
2016-03-31,0.06720000000000001,0.07615000000000001,0.0747,0.0508,0.05550000000000001,0.07594999999999999,0.1067,0.1003,0.07985
2016-04-30,0.023899999999999998,0.04445,0.0106,0.0515,0.052199999999999996,0.04305,0.014499999999999999,0.02495,0.015349999999999999
2016-05-31,-0.0037,-0.01375,0.0187,-0.0103,-0.01105,0.0048,-0.0178,-0.0238,0.0009
2016-06-30,-0.0499,-0.07085,-0.0334,-0.024500000000000004,-0.033850000000000005,0.022850000000000002,0.0046,0.0115,0.02225
2016-07-31,0.0446,0.05215,0.0538,0.0674,0.0897,0.0242,0.0589,0.05115,0.0712
2016-08-31,0.008,0.023600000000000003,0.010000000000000002,-0.011499999999999998,0.006199999999999999,-0.0617,-0.004300000000000001,0.01025,-0.00995
2016-09-30,0.0097,0.012,0.02915,0.026899999999999997,0.02555,0.0653,0.027,0.0351,0.02425
2016-10-31,-0.030600000000000002,0.0033500000000000005,-0.03395,0.0162,0.037250000000000005,-0.0005,-0.014299999999999998,0.00315,-0.01865
2016-11-30,-0.024900000000000002,-0.013000000000000001,-0.02645,-0.0387,-0.010150000000000001,-0.07565,-0.0028,-0.0084,-0.0305
2016-12-31,0.0475,0.0548,0.034350000000000006,0.013800000000000002,0.022650000000000003,0.0056,-0.018699999999999998,-0.02035,-0.0226
2017-01-31,0.0288,0.0391,0.050850000000000006,0.0387,0.04725,0.062400000000000004,0.0594,0.0699,0.07164999999999999
2017-02-28,0.007200000000000001,-0.00845,-0.00010000000000000026,0.011699999999999999,0.028650000000000002,0.0216,0.0227,0.02565,0.00575
2017-03-31,0.043,0.038849999999999996,0.036250000000000004,0.0087,-0.0002999999999999999,0.025,0.0285,0.01565,0.0206
2017-04-30,0.0468,0.0426,0.05545,0.013000000000000001,0.0047,0.003200000000000001,0.0032,0.00075,-0.010299999999999998
2017-05-31,0.05090000000000001,0.04605,0.047700000000000006,0.030100000000000002,0.0093,0.0477,-0.0015,0.0058,-0.00495
2017-06-30,-0.0061,0.009899999999999999,0.006999999999999999,0.012299999999999998,0.02735,0.0208,0.0197,0.006500000000000001,0.015349999999999999
2017-07-31,0.0356,0.0518,0.05205,0.024,0.029,0.033100000000000004,0.032799999999999996,0.037849999999999995,0.0368
2017-08-31,0.002,-0.0008500000000000001,0.00805,0.0039,0.012750000000000001,0.019750000000000004,0.0068,0.010799999999999999,0.0117
2017-09-30,0.028100000000000003,0.030449999999999998,0.032,0.018000000000000002,0.029699999999999997,0.0275,-0.0012,0.006100000000000001,0.01455
2017-10-31,0.0068,0.00165,0.00755,0.0421,0.03275,0.0422,0.0161,0.031200000000000002,0.0388
2017-11-30,0.0007,0.007949999999999999,-0.00215,0.0268,0.01795,0.027200000000000002,0.0108,0.000700000000000001,0.008150000000000001
2017-12-31,0.0156,0.025300000000000003,0.01305,0.0138,0.034600000000000006,0.0239,0.0312,0.019000000000000003,0.04105
2018-01-31,0.056299999999999996,0.06615,0.07250000000000001,0.0452,0.0388,0.06305,0.0423,0.05625,0.042050000000000004
2018-02-28,-0.0524,-0.05085,-0.0441,-0.0133,-0.01725,-0.010700000000000001,-0.0304,-0.033850000000000005,-0.023399999999999997
2018-03-31,-0.0059,-0.01475,-0.0119,-0.0137,-0.029,-0.017750000000000002,-0.0324,-0.0204,-0.02545
2018-04-30,0.023400000000000004,0.0283,0.025999999999999995,0.004200000000000001,0.014450000000000001,-0.02275,0.019700000000000002,0.0114,0.008600000000000002
2018-05-31,-0.0259,-0.04844999999999999,-0.01,-0.0118,-0.0282,0.013450000000000002,0.004,-0.0075,0.0109
2018-06-30,-0.0078,-0.01755,-0.013149999999999998,-0.0242,-0.03465,-0.03455,-0.0286,-0.04794999999999999,-0.04385
2018-07-31,0.0285,0.02465,0.0178,0.00030000000000000014,0.00685,-0.0176,0.0133,0.005850000000000001,-0.0030500000000000006
2018-08-31,-0.0249,-0.03325,-0.0081,-0.0027,-0.01115,0.0062499999999999995,-0.0227,-0.0308,-0.02515
2018-09-30,0.0027,0.01085,0.0079,0.0293,0.0269,0.026850000000000002,-0.006699999999999999,-0.00235,-0.009899999999999999
2018-10-31,-0.08349999999999999,-0.08274999999999999,-0.1051,-0.0863,-0.07164999999999999,-0.11695,-0.0921,-0.07685,-0.10515
2018-11-30,-0.011300000000000001,-0.018099999999999998,-0.0324,0.0101,-0.0029000000000000007,0.01235,0.0354,0.02515,0.01215
2018-12-31,-0.044,-0.041249999999999995,-0.036000000000000004,-0.0711,-0.07355,-0.0853,-0.024100000000000003,-0.027,-0.027450000000000002
2019-01-31,0.064,0.06185,0.05895,0.0542,0.046150000000000004,0.03615,0.0661,0.0663,0.04725
2019-02-28,0.031100000000000003,0.0209,0.0212,0.004699999999999999,0.0005999999999999998,0.01845,0.035300000000000005,0.0237,0.0313
2019-03-31,0.007699999999999999,-0.01015,0.02105,0.0036,-0.0062499999999999995,0.0073,0.0094,0.0219,0.024749999999999998
2019-04-30,0.0391,0.0339,0.0245,0.014199999999999999,0.0024999999999999996,-0.0016000000000000003,0.0182,0.00575,0.02315
2019-05-31,-0.0513,-0.0491,-0.00815,-0.0359,-0.040350000000000004,-0.01725,-0.0409,-0.057800000000000004,-0.021699999999999997
2019-06-30,0.060500000000000005,0.04145,0.049,0.026899999999999997,0.0234,0.0196,0.052500000000000005,0.03535,0.04925
2019-07-31,-0.023700000000000002,-0.029750000000000002,-0.0179,0.0053,-0.003499999999999998,0.0078,-0.012499999999999999,-0.021099999999999997,-0.0031999999999999997
2019-08-31,-0.0224,-0.035750000000000004,-0.011000000000000001,-0.0112,-0.03585,-0.013349999999999999,-0.061099999999999995,-0.07005,-0.0517
2019-09-30,0.023299999999999998,0.037849999999999995,0.01095,0.040100000000000004,0.05565,0.0207,0.013399999999999999,0.0184,0.015000000000000001
2019-10-31,0.0342,0.03955,0.03105,0.049800000000000004,0.06155,0.0327,0.0296,0.0223,0.02805
2019-11-30,0.0189,0.0176,0.033100000000000004,0.0079,0.0072499999999999995,0.0236,-0.0007000000000000001,-0.0049499999999999995,-0.009499999999999998
2019-12-31,0.0421,0.0565,0.06334999999999999,0.022199999999999998,0.0291,0.0319,0.0313,0.042550000000000004,0.04755
2020-01-31,-0.0242,-0.03895,-0.008050000000000002,-0.0192,-0.03805,-0.025249999999999998,-0.0274,-0.0504,-0.010849999999999999
2020-02-29,-0.0886,-0.09065,-0.084,-0.0997,-0.11495,-0.128,-0.0667,-0.05055,-0.0917
2020-03-31,-0.15319999999999998,-0.23275,-0.14115,-0.0509,-0.0732,-0.03375,-0.18959999999999996,-0.1785,-0.2055
2020-04-30,0.067,0.06709999999999999,0.09595,0.0496,0.03345,0.064,0.1112,0.09445,0.16375
2020-05-31,0.0544,0.03615,0.0628,0.0644,0.049100000000000005,0.0667,0.0033,-0.023100000000000002,0.03995
2020-06-30,0.0405,0.0465,0.04295,-0.0021000000000000003,-0.0213,0.019799999999999998,0.07590000000000001,0.0709,0.0869
2020-07-31,0.04000000000000001,0.02075,0.08015,-0.0197,-0.045149999999999996,0.0016499999999999987,0.023299999999999998,-0.001299999999999999,0.07239999999999999
2020-08-31,0.049600000000000005,0.055749999999999994,0.067,0.0786,0.09445,0.048949999999999994,0.0643,0.0465,0.09575
2020-09-30,-0.0296,-0.04915,-0.01065,0.022199999999999998,0.015349999999999999,0.050699999999999995,-0.0497,-0.034949999999999995,-0.03445
2020-10-31,-0.047099999999999996,-0.04105,-0.03605,-0.0198,-0.02955,-0.0284,-0.00019999999999999998,-0.00325,0.00415
2020-11-30,0.1663,0.23270000000000002,0.11689999999999999,0.10930000000000001,0.06405,0.0963,0.13529999999999998,0.13175,0.09140000000000001
2020-12-31,0.0568,0.0681,0.08885,0.04000000000000001,0.042,0.01985,0.0526,0.03065,0.0986
2021-01-31,-0.0125,-0.010249999999999999,0.008849999999999998,-0.0123,-0.0018000000000000004,-0.0329,0.0116,0.030950000000000002,0.0594
2021-02-28,0.026000000000000002,0.06810000000000001,0.0239,0.011399999999999999,0.04435,-0.0228,0.0387,0.07135,0.0534
2021-03-31,0.0318,0.04255,0.014950000000000001,0.0144,0.04875,0.002049999999999998,0.011399999999999999,0.026850000000000002,-0.0207
2021-04-30,0.0529,0.046099999999999995,0.06555,-0.0158,-0.0263,-0.0073999999999999995,0.0434,0.044500000000000005,0.0915
2021-05-31,0.0452,0.05305,0.04405,0.0086,0.01225,-0.01415,0.0175,0.0148,-0.010349999999999998
2021-06-30,-0.0166,-0.03715,-0.022099999999999998,0.0006,-0.012350000000000002,0.0065499999999999985,-0.0087,-0.00655,-0.005849999999999999
2021-07-31,0.0209,0.0071,0.0346,-0.0109,0.0072000000000000015,-0.015099999999999999,-0.0274,-0.023149999999999997,-0.0339
2021-08-31,0.014499999999999999,0.018500000000000003,0.01865,0.0286,0.015449999999999998,0.021400000000000002,0.01,0.009049999999999999,0.0629
2021-09-30,-0.0499,-0.023850000000000003,-0.05875,0.0298,0.0329,0.03185,-0.0393,-0.01895,-0.03325
2021-10-31,0.042,0.0363,0.04685,-0.0382,-0.04725,-0.025849999999999998,0.038599999999999995,0.044050000000000006,0.05255
2021-11-30,-0.0429,-0.05985,-0.053649999999999996,-0.0292,-0.05265,-0.0323,-0.056799999999999996,-0.057499999999999996,-0.059399999999999994
2021-12-31,0.0517,0.05325,0.04215,0.0131,0.037599999999999995,0.016149999999999998,0.022500000000000003,0.030700000000000005,0.014600000000000002
2022-01-31,-0.053899999999999997,0.0031499999999999983,-0.0887,-0.051399999999999994,0.00345,-0.08474999999999999,-0.049699999999999994,-0.006200000000000001,-0.1001
2022-02-28,-0.0377,-0.03675,-0.039749999999999994,-0.003,0.022,-0.006499999999999999,0.0163,0.00845,0.008450000000000001
2022-03-31,-0.0033,-0.0016500000000000004,0.014950000000000001,-0.0154,-0.03305,-0.0139,0.051,0.037849999999999995,0.06670000000000001
2022-04-30,-0.058600000000000006,-0.0547,-0.0578,-0.08470000000000001,-0.0728,-0.0874,-0.051699999999999996,-0.02135,-0.0378
2022-05-31,0.013,0.03755,0.0040999999999999995,0.0129,0.0169,0.02035,-0.0049,-0.00215,-0.0168
2022-06-30,-0.1026,-0.12304999999999999,-0.09415,-0.0676,-0.0452,-0.06595000000000001,-0.07369999999999999,-0.05495,-0.1154
2022-07-31,0.0534,0.02445,0.03485,0.0575,0.0342,0.04825,0.0316,0.011300000000000001,0.049199999999999994
2022-08-31,-0.0649,-0.0348,-0.0349,-0.0292,-0.0192,-0.0093,-0.0088,-0.006750000000000001,0.01455
2022-09-30,-0.0965,-0.1021,-0.09575,-0.09079999999999999,-0.07465,-0.07869999999999999,-0.1031,-0.08325,-0.0984
2022-10-31,0.0689,0.08355,0.06365000000000001,0.0218,0.0004500000000000003,0.01535,-0.0102,-0.03015,-0.022149999999999996
2022-11-30,0.12930000000000003,0.11465,0.09565000000000001,0.1049,0.1164,0.10675000000000001,0.1447,0.0922,0.12395
2022-12-31,-0.0076,0.011099999999999999,0.012450000000000001,0.005,0.0538,0.03185,0.011200000000000002,0.0457,-0.00685
2023-01-31,0.08480000000000001,0.08595,0.0557,0.0508,0.044300000000000006,0.03155,0.07440000000000001,0.044349999999999994,0.07185
2023-02-28,-0.0103,0.0131,-0.0026,-0.036199999999999996,-0.00745,-0.0238,-0.0629,-0.04675,-0.0628
2023-03-31,0.024,-0.03235,0.004549999999999999,0.0433,0.018600000000000002,0.03385,0.0047,-0.0011,0.013300000000000001
2023-04-30,0.038500000000000006,0.042649999999999993,0.030100000000000002,0.0007999999999999995,0.011550000000000001,-0.0066,0.0034,0.0010500000000000006,0.00425
2023-05-31,-0.0534,-0.052199999999999996,-0.03445,0.008799999999999999,-0.01685,-0.00595,-0.05620000000000001,-0.04285,-0.058800000000000005
2023-06-30,0.046,0.050699999999999995,0.045700000000000005,0.03949999999999999,0.0481,0.044399999999999995,0.0354,0.0226,0.03745
2023-07-31,0.029,0.049100000000000005,0.0234,0.0289,0.05935,0.02815,0.040900000000000006,0.0368,0.0398
2023-08-31,-0.041499999999999995,-0.036449999999999996,-0.03945,-0.0178,0.00145,-0.013550000000000001,-0.0605,-0.058649999999999994,-0.050699999999999995
2023-09-30,-0.045399999999999996,-0.032100000000000004,-0.0561,-0.0204,0.0215,-0.0163,-0.031100000000000003,-0.019949999999999996,-0.03665
2023-10-31,-0.03900000000000001,-0.047200000000000006,-0.04215,-0.044899999999999995,-0.03765,-0.052500000000000005,-0.045799999999999993,-0.03665,-0.04805
2023-11-30,0.09650000000000002,0.09465,0.10894999999999999,0.0794,0.0482,0.0834,0.0519,0.0284,0.057
2023-12-31,0.0549,0.07089999999999999,0.04965,0.0477,0.0442,0.04385,0.0828,0.05990000000000001,0.07665
2024-01-31,-0.010900000000000002,-0.02305,-0.0010999999999999998,0.0306,0.035199999999999995,0.04665,-0.045399999999999996,-0.046700000000000005,-0.032299999999999995
2024-02-29,0.0169,0.0009500000000000003,0.0256,0.0291,0.0179,0.054400000000000004,0.015099999999999999,0.018349999999999998,0.0493
2024-03-31,0.036899999999999995,0.05295,0.03560000000000001,0.0329,0.0557,0.03955,0.0141,0.01325,0.0274
2024-04-30,-0.0205,-0.0020499999999999997,-0.02195,-0.055400000000000005,-0.044050000000000006,-0.07395,-0.005600000000000001,0.01395,-0.02305
2024-05-31,0.054099999999999995,0.06755,0.07064999999999999,0.0094,0.02605,0.0146,0.034300000000000004,0.03005,0.04605
2024-06-30,-0.028699999999999996,-0.0465,-0.0254,-0.006500000000000001,-0.009449999999999998,-0.0003500000000000005,-0.006700000000000001,-0.0137,0.0029999999999999996
2024-07-31,0.0195,0.038849999999999996,0.026350000000000002,0.0665,0.072,0.0456,0.0114,0.0104,0.009150000000000002
2024-08-31,0.0345,0.01735,0.025799999999999997,0.00029999999999999905,-0.02945,-0.0078,0.037599999999999995,0.03005,0.0321
2024-09-30,0.008799999999999999,0.01325,0.00365,0.0033,0.00575,0.0051,0.07600000000000001,0.0717,0.0591
2024-10-31,-0.0562,-0.048100000000000004,-0.0548,-0.0387,-0.0393,-0.04655,-0.0502,-0.0182,-0.026500000000000003
2024-11-30,-0.019799999999999998,-0.02175,-0.011300000000000001,0.0083,0.0347,0.022899999999999997,0.0171,-0.01285,0.0395
2024-12-31,-0.020499999999999997,-0.0048000000000000004,-0.014350000000000002,-0.008199999999999999,-0.008400000000000001,-0.01435,-0.0432,-0.00495,-0.03835
2025-01-31,0.062,0.05245,0.049300000000000004,0.0124,0.02295,0.010100000000000001,0.023799999999999995,0.00115,0.04045
2025-02-28,0.030100000000000002,0.045700000000000005,0.0271,-0.0073,0.01715,-0.01065,-0.006599999999999999,0.010750000000000001,0.0121
2025-03-31,0.0019000000000000002,0.0318,0.0165,0.0064,0.03025,0.01845,-0.0099,0.0245,0.007149999999999999
2025-04-30,0.0432,0.04795,0.06315,0.0572,0.02255,0.05775,0.0315,0.006,0.0352
2025-05-31,0.0528,0.06675,0.06280000000000001,0.040499999999999994,0.04455,0.0474,0.0556,0.04515,0.06765
2025-06-30,0.030600000000000002,0.04615,0.04345,0.0204,0.0128,0.03365,0.0429,0.07075,0.0581
2025-07-31,-0.022500000000000003,-0.00655,-0.0063999999999999994,-0.016900000000000002,0.0127,-0.019,0.022299999999999997,0.0629,0.030199999999999998
2025-08-31,0.0346,0.04055,0.029400000000000003,0.0716,0.09405,0.07300000000000001,0.0499,0.047200000000000006,0.08365
2025-09-30,0.0155,0.01395,0.029750000000000002,0.021800000000000003,0.0218,0.0213,0.010700000000000001,0.03,0.042600000000000006
2025-10-31,0.008,-0.0008999999999999998,-0.00785,0.0187,-0.0327,0.008199999999999999,-0.0014000000000000002,0.0044,-0.01695
2025-11-30,0.0102,0.02055,0.0068000000000000005,0.00010000000000000026,0.050249999999999996,-0.00015000000000000083,-0.0097,0.009049999999999999,-0.02195
2025-12-31,0.039099999999999996,0.05765,0.0548,0.0074,0.026000000000000002,-0.005350000000000001,0.0162,0.010799999999999999,0.03765
2026-01-31,0.0359,0.0569,0.07055,0.05910000000000001,0.08085,0.0799,0.06620000000000001,0.1032,0.08675
2026-02-28,0.0335,0.0245,0.021750000000000002,0.0925,0.10844999999999999,0.1232,0.045899999999999996,0.04875,0.04965
2026-03-31,-0.09010000000000001,-0.07625,-0.08595,-0.1169,-0.1149,-0.14505,-0.0843,-0.0784,-0.11635000000000001
2026-04-30,0.06770000000000001,0.07669999999999999,0.10164999999999999,0.083,0.051000000000000004,0.1573,0.055,0.0599,0.09595000000000001
2026-05-31,0.0342,0.0305,0.04215,0.049600000000000005,0.033350000000000005,0.04345,0.0068000000000000005,-0.0059,0.0129
